{"model loading footprint (GB)": 4.603767514228821, "accuracy": 0.26, "total_output_token_count": 6999, "total_generation_time_l": [28.787150055999973, 6.615780550000068, 21.082867856999997, 7.623737327000072, 31.420337814999925, 27.342515367000033, 16.010218375000022, 12.165252104000047, 12.511959564999984, 15.833558401000005, 29.48219713900005, 15.064994633999959, 13.588474209999958, 18.868319216000145, 10.740949011999874, 20.776330228999996, 23.08201401700012, 12.152480553999794, 13.685634471999947, 4.57347341600007, 36.09731689799992, 3.739438865000011, 28.453591954000103, 17.837202781000087, 7.630160287999843, 17.760847181999907, 27.073445182000114, 60.05691372299998, 23.047295587000008, 13.828093484000192, 27.574071014999845, 9.479051171000037, 16.582524165999985, 38.7588522829999, 17.39747955000007, 17.266575905999844, 16.699972320999905, 18.479379461999997, 66.55749224600004, 24.22257288700007, 19.363613777999944, 18.558657105000066, 18.535096732000056, 14.170009213999947, 37.56994849099988, 24.609022482, 5.617006145000005, 14.488503654999931, 19.330800754999927, 10.122967317000075, 17.300773631000084, 65.6266814139999, 21.822852667999996, 13.925613872999975, 14.903778713000065, 22.81128370700003, 16.62369581200005, 5.307908506000103, 5.0342983789998925, 13.362420701000019, 5.767333337000082, 14.310289757999954, 20.799606847000177, 19.860925332999614, 10.542901428999812, 20.272848174000046, 18.611012393000237, 17.71935918400004, 5.849385889000132, 9.741016692999892, 3.581191504000344, 13.023574343999826, 13.93672025900014, 15.714012198000091, 50.02330419200007, 14.492113453000002, 26.371760556000027, 18.176828984999702, 12.365444719999687, 8.616525953999826, 18.11153387200011, 21.975600396000118, 16.16273172800038, 59.598541623000074, 8.753649656000107, 28.440678735000347, 6.918101920000026, 30.883728310999686, 9.321382633000212, 18.318773190999764, 10.67621647499982, 15.366918900999735, 7.96052679100012, 19.473546965999958, 15.048097272999712, 15.894577508000111, 13.603539646999707, 18.38400460999992, 7.575977756000157, 28.768342886000028], "TTFT_l": [28.787150055999973, 6.615780550000068, 21.082867856999997, 7.623737327000072, 31.420337814999925, 27.342515367000033, 16.010218375000022, 12.165252104000047, 12.511959564999984, 15.833558401000005, 29.48219713900005, 15.064994633999959, 13.588474209999958, 18.868319216000145, 10.740949011999874, 20.776330228999996, 23.08201401700012, 12.152480553999794, 13.685634471999947, 4.57347341600007, 36.09731689799992, 3.739438865000011, 28.453591954000103, 17.837202781000087, 7.630160287999843, 17.760847181999907, 27.073445182000114, 60.05691372299998, 23.047295587000008, 13.828093484000192, 27.574071014999845, 9.479051171000037, 16.582524165999985, 38.7588522829999, 17.39747955000007, 17.266575905999844, 16.699972320999905, 18.479379461999997, 66.55749224600004, 24.22257288700007, 19.363613777999944, 18.558657105000066, 18.535096732000056, 14.170009213999947, 37.56994849099988, 24.609022482, 5.617006145000005, 14.488503654999931, 19.330800754999927, 10.122967317000075, 17.300773631000084, 65.6266814139999, 21.822852667999996, 13.925613872999975, 14.903778713000065, 22.81128370700003, 16.62369581200005, 5.307908506000103, 5.0342983789998925, 13.362420701000019, 5.767333337000082, 14.310289757999954, 20.799606847000177, 19.860925332999614, 10.542901428999812, 20.272848174000046, 18.611012393000237, 17.71935918400004, 5.849385889000132, 9.741016692999892, 3.581191504000344, 13.023574343999826, 13.93672025900014, 15.714012198000091, 50.02330419200007, 14.492113453000002, 26.371760556000027, 18.176828984999702, 12.365444719999687, 8.616525953999826, 18.11153387200011, 21.975600396000118, 16.16273172800038, 59.598541623000074, 8.753649656000107, 28.440678735000347, 6.918101920000026, 30.883728310999686, 9.321382633000212, 18.318773190999764, 10.67621647499982, 15.366918900999735, 7.96052679100012, 19.473546965999958, 15.048097272999712, 15.894577508000111, 13.603539646999707, 18.38400460999992, 7.575977756000157, 28.768342886000028]}