{"model loading footprint (GB)": 4.603767514228821, "accuracy": 0.18, "total_output_token_count": 6586, "total_generation_time_l": [10.042942161999974, 8.166077260999998, 14.08463872499999, 3.5396654059999832, 7.731244899999979, 8.308084479000001, 7.594919960000027, 11.381752640999991, 13.799709033, 8.032214784000018, 5.307134292000001, 6.307724778000022, 4.411503773999982, 3.499483586999986, 9.178071945999989, 13.105548849999991, 6.517558121000036, 13.287467898000045, 7.331268872999999, 3.510092092999969, 14.004237081999975, 8.021596915000032, 7.40967130599995, 7.973582366999949, 6.026495071999989, 16.751814737000018, 11.102541730999974, 9.92743530700011, 5.9053886250000005, 7.530656056999987, 16.480787392000025, 11.050584817000072, 5.448499045000062, 7.605337473999953, 8.692295440000066, 10.829789963999929, 7.1489092529999425, 2.622348580999983, 14.16106197900001, 7.211530513999946, 6.002959665999924, 15.430634263999991, 9.069106834000081, 10.359874113000046, 7.470346176000021, 1.0915101010000399, 6.682868904000088, 8.737302062000026, 6.542207659999917, 8.951729749999913, 8.282124695999983, 16.75047254800006, 9.878428788000065, 5.81167025600007, 6.307914799999935, 8.828122647999976, 6.235295908000012, 1.9967795609999257, 5.736862331999987, 8.856990736999933, 5.866671494999991, 3.356198205999931, 13.303095257999985, 6.312149492000003, 3.7270257480000737, 8.84682425799997, 7.8311525789999905, 8.859876923999991, 5.424604863000013, 3.941579956999931, 11.234360136999953, 4.6356648590000304, 7.099083653000093, 3.9778427400000282, 9.318368210000017, 19.272041691999902, 10.457226342999888, 10.656252040000027, 8.366592890999982, 3.9098921489999157, 2.850820217999967, 9.815506332999917, 5.714952621999942, 4.060841964000019, 3.180136575000006, 10.587888682000084, 9.775674121000065, 6.495191471999988, 3.0765032419999443, 7.835618349999777, 4.059765440000092, 7.303179279000005, 9.243518046999952, 10.811758263999991, 5.705534265999859, 12.622524972999827, 6.752040002000058, 12.739847268999938, 10.426213427999983, 1.811388222000005], "TTFT_l": [10.042942161999974, 8.166077260999998, 14.08463872499999, 3.5396654059999832, 7.731244899999979, 8.308084479000001, 7.594919960000027, 11.381752640999991, 13.799709033, 8.032214784000018, 5.307134292000001, 6.307724778000022, 4.411503773999982, 3.499483586999986, 9.178071945999989, 13.105548849999991, 6.517558121000036, 13.287467898000045, 7.331268872999999, 3.510092092999969, 14.004237081999975, 8.021596915000032, 7.40967130599995, 7.973582366999949, 6.026495071999989, 16.751814737000018, 11.102541730999974, 9.92743530700011, 5.9053886250000005, 7.530656056999987, 16.480787392000025, 11.050584817000072, 5.448499045000062, 7.605337473999953, 8.692295440000066, 10.829789963999929, 7.1489092529999425, 2.622348580999983, 14.16106197900001, 7.211530513999946, 6.002959665999924, 15.430634263999991, 9.069106834000081, 10.359874113000046, 7.470346176000021, 1.0915101010000399, 6.682868904000088, 8.737302062000026, 6.542207659999917, 8.951729749999913, 8.282124695999983, 16.75047254800006, 9.878428788000065, 5.81167025600007, 6.307914799999935, 8.828122647999976, 6.235295908000012, 1.9967795609999257, 5.736862331999987, 8.856990736999933, 5.866671494999991, 3.356198205999931, 13.303095257999985, 6.312149492000003, 3.7270257480000737, 8.84682425799997, 7.8311525789999905, 8.859876923999991, 5.424604863000013, 3.941579956999931, 11.234360136999953, 4.6356648590000304, 7.099083653000093, 3.9778427400000282, 9.318368210000017, 19.272041691999902, 10.457226342999888, 10.656252040000027, 8.366592890999982, 3.9098921489999157, 2.850820217999967, 9.815506332999917, 5.714952621999942, 4.060841964000019, 3.180136575000006, 10.587888682000084, 9.775674121000065, 6.495191471999988, 3.0765032419999443, 7.835618349999777, 4.059765440000092, 7.303179279000005, 9.243518046999952, 10.811758263999991, 5.705534265999859, 12.622524972999827, 6.752040002000058, 12.739847268999938, 10.426213427999983, 1.811388222000005]}