{"model loading footprint (GB)": 4.603767514228821, "accuracy": 0.0, "total_output_token_count": 100, "total_generation_time_l": [1.656803518999368, 1.4839692610003112, 1.497326802000316, 1.3636852039999212, 1.9970402860017202, 1.6071418999999878, 1.4906441710008949, 1.6702762289987731, 1.987452064999161, 1.586439139999129, 1.5652290509988234, 1.5921612009988166, 1.6392511400008516, 1.5468768200007617, 1.5933554800012644, 1.9181554570004664, 1.5664440100008505, 1.5344749910000246, 1.3214998340008606, 1.6476972399996157, 1.6033108400006313, 1.4869272520008963, 1.6521478590002516, 1.4630032719996962, 1.420821691999663, 1.681347239000388, 1.6367250599996623, 1.5694873009997536, 1.54049969100015, 1.6949797190009122, 1.3909984530000656, 1.5610987910004042, 1.4010267020003084, 1.3942134930002794, 1.4147747719998733, 1.5063618210006098, 1.5087359810004273, 1.6403681299998425, 1.4400329119998787, 1.788292437000564, 1.4232555130001856, 2.1446741029994882, 1.7998951480003598, 1.6489194290006708, 1.7102733989995613, 1.886676387000989, 1.8428651570011425, 1.4451191520001885, 1.3499199130001216, 1.487703822000185, 1.4077332220003882, 1.4700625620007486, 1.6220614899993961, 1.9021420360004413, 1.8292755569982546, 1.5321328509999148, 1.5033059020006476, 1.7164884289995825, 1.7915827880005963, 1.3329427930002566, 1.3493974330012861, 1.5618879410012596, 1.6272435600003519, 1.6957977290003328, 1.8809852169997612, 1.475296710999828, 1.5680498210003861, 1.5367970610004704, 1.4320797119999042, 1.5151848610003071, 1.6028109399994719, 1.4772629019989836, 1.5124735709996457, 1.4856640519992652, 2.0792056239988597, 1.6726873589996103, 1.8294609880013013, 1.5549956009999732, 1.4204935819998354, 1.489488462000736, 1.4013141830000677, 1.6740164590009954, 1.346507633001238, 1.3907569530001638, 1.3791582329995435, 1.804351296999812, 1.7819757190009113, 1.7418500980002136, 1.4147131720001198, 1.4896683320002921, 1.8831775459984783, 1.5255718610005715, 1.4848472120011138, 1.7182120489997033, 1.4798727310007962, 1.4380540419988392, 1.3671072729994194, 1.4822332809999352, 1.9287463660002686, 1.7131281990004936], "TTFT_l": [1.656803518999368, 1.4839692610003112, 1.497326802000316, 1.3636852039999212, 1.9970402860017202, 1.6071418999999878, 1.4906441710008949, 1.6702762289987731, 1.987452064999161, 1.586439139999129, 1.5652290509988234, 1.5921612009988166, 1.6392511400008516, 1.5468768200007617, 1.5933554800012644, 1.9181554570004664, 1.5664440100008505, 1.5344749910000246, 1.3214998340008606, 1.6476972399996157, 1.6033108400006313, 1.4869272520008963, 1.6521478590002516, 1.4630032719996962, 1.420821691999663, 1.681347239000388, 1.6367250599996623, 1.5694873009997536, 1.54049969100015, 1.6949797190009122, 1.3909984530000656, 1.5610987910004042, 1.4010267020003084, 1.3942134930002794, 1.4147747719998733, 1.5063618210006098, 1.5087359810004273, 1.6403681299998425, 1.4400329119998787, 1.788292437000564, 1.4232555130001856, 2.1446741029994882, 1.7998951480003598, 1.6489194290006708, 1.7102733989995613, 1.886676387000989, 1.8428651570011425, 1.4451191520001885, 1.3499199130001216, 1.487703822000185, 1.4077332220003882, 1.4700625620007486, 1.6220614899993961, 1.9021420360004413, 1.8292755569982546, 1.5321328509999148, 1.5033059020006476, 1.7164884289995825, 1.7915827880005963, 1.3329427930002566, 1.3493974330012861, 1.5618879410012596, 1.6272435600003519, 1.6957977290003328, 1.8809852169997612, 1.475296710999828, 1.5680498210003861, 1.5367970610004704, 1.4320797119999042, 1.5151848610003071, 1.6028109399994719, 1.4772629019989836, 1.5124735709996457, 1.4856640519992652, 2.0792056239988597, 1.6726873589996103, 1.8294609880013013, 1.5549956009999732, 1.4204935819998354, 1.489488462000736, 1.4013141830000677, 1.6740164590009954, 1.346507633001238, 1.3907569530001638, 1.3791582329995435, 1.804351296999812, 1.7819757190009113, 1.7418500980002136, 1.4147131720001198, 1.4896683320002921, 1.8831775459984783, 1.5255718610005715, 1.4848472120011138, 1.7182120489997033, 1.4798727310007962, 1.4380540419988392, 1.3671072729994194, 1.4822332809999352, 1.9287463660002686, 1.7131281990004936]}