{"model loading footprint (GB)": 4.603767514228821, "accuracy": 0.22, "total_output_token_count": 7206, "total_generation_time_l": [32.00466130699988, 8.455292255999666, 24.07593514400014, 8.763607830999717, 21.187536503000047, 20.981706886999746, 14.88754452000012, 9.825767759999508, 16.8504702729997, 15.781846246999521, 26.144919786999708, 20.72876978900058, 34.756667959999504, 24.72867471599966, 68.01660510900001, 72.26920062099998, 13.275397381000403, 10.980072760999974, 17.83010976800051, 28.55181616400023, 30.548635585999364, 71.04661263099933, 4.916745083000023, 8.672235172, 18.82975312599956, 5.0677576709995265, 43.47684796199974, 20.982746245999806, 6.440565562999836, 16.550330976000623, 40.41438600099991, 32.066075204999834, 15.930125902999862, 24.557475574999444, 17.880000797999855, 26.308913820999805, 24.41902272599964, 8.182043265000175, 35.189117003999854, 38.97384022999995, 12.32972392099964, 32.19669802299995, 20.132246979999763, 17.250774932999775, 29.581963404999442, 24.59365125399927, 13.315751473999626, 19.43649590500081, 5.967975042000035, 12.46180933100004, 24.87621467200006, 3.7027043399994, 24.785869853000804, 71.6585416199996, 19.360544487999505, 18.770914063999953, 17.275787022999793, 30.19767926000077, 25.309754908000286, 9.971156511000117, 4.480061584000396, 4.396659354999429, 6.44260451899936, 28.715831761999652, 5.589027895000072, 21.813598307000575, 17.876774037999894, 22.02231184499942, 17.975023048000367, 14.46990596500018, 29.280653617000098, 8.105288116000338, 15.818321304000165, 19.61240650399941, 23.098337605999404, 56.959866487, 34.335138217999884, 19.778133152999544, 19.208656842999517, 13.517015909000293, 15.622098671000458, 23.584355990000404, 14.46238816100049, 10.341287388000637, 9.94562992200008, 15.604535241000121, 5.116958043999148, 30.997094794000077, 7.077809657000216, 22.233743652000157, 10.764620394999838, 16.94799544000034, 23.278130842999417, 23.63825725999959, 3.9051010949997362, 9.617656635000458, 9.959636271000818, 6.393541352999819, 10.69641967499956, 21.55791932899956], "TTFT_l": [32.00466130699988, 8.455292255999666, 24.07593514400014, 8.763607830999717, 21.187536503000047, 20.981706886999746, 14.88754452000012, 9.825767759999508, 16.8504702729997, 15.781846246999521, 26.144919786999708, 20.72876978900058, 34.756667959999504, 24.72867471599966, 68.01660510900001, 72.26920062099998, 13.275397381000403, 10.980072760999974, 17.83010976800051, 28.55181616400023, 30.548635585999364, 71.04661263099933, 4.916745083000023, 8.672235172, 18.82975312599956, 5.0677576709995265, 43.47684796199974, 20.982746245999806, 6.440565562999836, 16.550330976000623, 40.41438600099991, 32.066075204999834, 15.930125902999862, 24.557475574999444, 17.880000797999855, 26.308913820999805, 24.41902272599964, 8.182043265000175, 35.189117003999854, 38.97384022999995, 12.32972392099964, 32.19669802299995, 20.132246979999763, 17.250774932999775, 29.581963404999442, 24.59365125399927, 13.315751473999626, 19.43649590500081, 5.967975042000035, 12.46180933100004, 24.87621467200006, 3.7027043399994, 24.785869853000804, 71.6585416199996, 19.360544487999505, 18.770914063999953, 17.275787022999793, 30.19767926000077, 25.309754908000286, 9.971156511000117, 4.480061584000396, 4.396659354999429, 6.44260451899936, 28.715831761999652, 5.589027895000072, 21.813598307000575, 17.876774037999894, 22.02231184499942, 17.975023048000367, 14.46990596500018, 29.280653617000098, 8.105288116000338, 15.818321304000165, 19.61240650399941, 23.098337605999404, 56.959866487, 34.335138217999884, 19.778133152999544, 19.208656842999517, 13.517015909000293, 15.622098671000458, 23.584355990000404, 14.46238816100049, 10.341287388000637, 9.94562992200008, 15.604535241000121, 5.116958043999148, 30.997094794000077, 7.077809657000216, 22.233743652000157, 10.764620394999838, 16.94799544000034, 23.278130842999417, 23.63825725999959, 3.9051010949997362, 9.617656635000458, 9.959636271000818, 6.393541352999819, 10.69641967499956, 21.55791932899956]}