{"model loading footprint (GB)": 4.603767514228821, "accuracy": 0.0, "total_output_token_count": 100, "total_generation_time_l": [1.5515152480002143, 1.2340852590000395, 1.446121637000033, 1.3422478569996201, 1.9329212509996978, 1.526879210000061, 1.3801552099998844, 1.561492224000176, 1.8857782800000678, 1.5205865120001363, 1.599044117000176, 1.564589923999847, 1.5955639379999411, 1.5381673699998828, 1.4566510550002931, 1.8357901500003209, 1.4526802760001374, 1.5171228230001361, 1.27093706200003, 1.6164067839999916, 1.5357483789998696, 1.4068508740001562, 1.5124627139998665, 1.3879169479996563, 1.331631969999762, 1.5811730599998555, 1.5533303150000393, 1.5100168330000088, 1.4255926999999247, 1.5517806960001508, 1.3229757310000423, 1.5246190909997495, 1.3749606010001116, 1.260557383000105, 1.3493756259999827, 1.408075454000027, 1.3485143560001234, 1.4928897879999568, 1.3940240669999184, 1.6074234750003598, 1.4084118939999826, 2.0189702950001447, 1.6733589220002614, 1.4632849629997509, 1.6133738840003389, 1.7332835510001132, 1.7833218410000882, 1.3853968389998954, 1.3023060850000547, 1.368424762000359, 1.3047459250001339, 1.411046843999884, 1.5287486909996915, 1.8591382559998237, 1.7373294989997703, 1.4456215269997301, 1.4256505399998787, 1.6732837120002841, 1.6835123900000326, 1.2636421720003455, 1.3201852909996887, 1.5751828410002418, 1.536438119000195, 1.592412817999957, 1.8008789169998636, 1.4484515170001941, 1.5084142439995958, 1.459980824000013, 1.3675987120000173, 1.4589903940000113, 1.4607256839999536, 1.4119614129999718, 1.4352563389998068, 1.3923362069999712, 2.0612168569996356, 1.6453032179997535, 1.6989057569999204, 1.3999664360003408, 1.3716303619999053, 1.449928245999672, 1.334708517999843, 1.5200387820000287, 1.2731745209998735, 1.3304809189999105, 1.2864909979998629, 1.721845992999988, 1.7224062730001606, 1.6476998570001342, 1.315232842000114, 1.419587761999992, 1.7261301319999802, 1.3166374830002496, 1.4615587540001798, 1.64154108799994, 1.458181353999862, 1.3640961729997798, 1.301749964999999, 1.4911092279999139, 1.8807115110002997, 1.6657368839996707], "TTFT_l": [1.5515152480002143, 1.2340852590000395, 1.446121637000033, 1.3422478569996201, 1.9329212509996978, 1.526879210000061, 1.3801552099998844, 1.561492224000176, 1.8857782800000678, 1.5205865120001363, 1.599044117000176, 1.564589923999847, 1.5955639379999411, 1.5381673699998828, 1.4566510550002931, 1.8357901500003209, 1.4526802760001374, 1.5171228230001361, 1.27093706200003, 1.6164067839999916, 1.5357483789998696, 1.4068508740001562, 1.5124627139998665, 1.3879169479996563, 1.331631969999762, 1.5811730599998555, 1.5533303150000393, 1.5100168330000088, 1.4255926999999247, 1.5517806960001508, 1.3229757310000423, 1.5246190909997495, 1.3749606010001116, 1.260557383000105, 1.3493756259999827, 1.408075454000027, 1.3485143560001234, 1.4928897879999568, 1.3940240669999184, 1.6074234750003598, 1.4084118939999826, 2.0189702950001447, 1.6733589220002614, 1.4632849629997509, 1.6133738840003389, 1.7332835510001132, 1.7833218410000882, 1.3853968389998954, 1.3023060850000547, 1.368424762000359, 1.3047459250001339, 1.411046843999884, 1.5287486909996915, 1.8591382559998237, 1.7373294989997703, 1.4456215269997301, 1.4256505399998787, 1.6732837120002841, 1.6835123900000326, 1.2636421720003455, 1.3201852909996887, 1.5751828410002418, 1.536438119000195, 1.592412817999957, 1.8008789169998636, 1.4484515170001941, 1.5084142439995958, 1.459980824000013, 1.3675987120000173, 1.4589903940000113, 1.4607256839999536, 1.4119614129999718, 1.4352563389998068, 1.3923362069999712, 2.0612168569996356, 1.6453032179997535, 1.6989057569999204, 1.3999664360003408, 1.3716303619999053, 1.449928245999672, 1.334708517999843, 1.5200387820000287, 1.2731745209998735, 1.3304809189999105, 1.2864909979998629, 1.721845992999988, 1.7224062730001606, 1.6476998570001342, 1.315232842000114, 1.419587761999992, 1.7261301319999802, 1.3166374830002496, 1.4615587540001798, 1.64154108799994, 1.458181353999862, 1.3640961729997798, 1.301749964999999, 1.4911092279999139, 1.8807115110002997, 1.6657368839996707]}