{"model loading footprint (GB)": 4.603767514228821, "accuracy": 0.0, "total_output_token_count": 100, "total_generation_time_l": [0.7818155889999616, 0.6426528920001147, 0.7184050380001281, 0.6741391600000952, 0.9092258660000425, 0.8553649940001833, 0.9129047139999784, 0.995915382000021, 0.9556824010001037, 0.749070816999847, 0.7481025029999273, 0.7567631899999014, 0.7821179679999659, 0.7497667560000991, 0.7267626650000238, 0.8476774979999391, 0.7364186719998997, 0.7279728940000041, 0.6420923450000373, 0.7736913660000937, 0.7537661510000362, 0.8115961690000404, 1.2655713589999777, 0.7027453739999601, 0.6823147679999693, 0.7695308760000898, 0.7954242929999964, 0.7413835840000047, 0.7228842459999214, 0.775774876000014, 0.6833182390000729, 0.7388387660000717, 0.680360784999948, 0.6707392889998118, 0.6872196060000988, 0.7226094560001002, 0.733758041999863, 1.2750213690001146, 0.7420702599999913, 0.7838041459999658, 0.7065806800001155, 0.9617319619999307, 0.8310633680000592, 0.7429245770001671, 0.791550505000032, 0.8595901880000838, 0.8543294890000652, 0.729087527999809, 0.6830315140000494, 0.7036234970000805, 0.6785727819999465, 0.8874292049999895, 0.9970972440000878, 1.066770292000001, 0.829920434000087, 0.7240402869999798, 0.726872301999947, 0.7946036920000097, 0.8324134760000561, 0.6739815549999548, 0.6745923250000487, 0.7218919150000147, 0.7681274980000126, 0.7781011860001854, 0.8500308659999973, 0.7166837320000923, 0.7576608229999238, 0.9379635889999918, 0.882592188999979, 0.8867554480000308, 0.763784300999987, 0.7198223670000061, 0.7484857779998038, 0.7085099310002079, 0.946931351999865, 0.7931932819999474, 0.8234820710001713, 0.70594647300004, 0.6996710060000169, 0.7128762209999877, 0.6737810230001742, 0.7456332599999769, 0.6493271249998998, 0.7563719290001245, 1.0751411080000253, 0.9454136849999486, 0.8467848469999808, 0.7982842369999616, 0.6869460610000715, 0.7227655649999178, 0.8205745349998779, 0.6764991989998634, 0.7239544259998638, 0.791611802999796, 0.7161635270001625, 0.6816012819999742, 0.64874619599982, 0.7360279689999061, 1.0023556759999792, 1.314759279999862], "TTFT_l": [0.7818155889999616, 0.6426528920001147, 0.7184050380001281, 0.6741391600000952, 0.9092258660000425, 0.8553649940001833, 0.9129047139999784, 0.995915382000021, 0.9556824010001037, 0.749070816999847, 0.7481025029999273, 0.7567631899999014, 0.7821179679999659, 0.7497667560000991, 0.7267626650000238, 0.8476774979999391, 0.7364186719998997, 0.7279728940000041, 0.6420923450000373, 0.7736913660000937, 0.7537661510000362, 0.8115961690000404, 1.2655713589999777, 0.7027453739999601, 0.6823147679999693, 0.7695308760000898, 0.7954242929999964, 0.7413835840000047, 0.7228842459999214, 0.775774876000014, 0.6833182390000729, 0.7388387660000717, 0.680360784999948, 0.6707392889998118, 0.6872196060000988, 0.7226094560001002, 0.733758041999863, 1.2750213690001146, 0.7420702599999913, 0.7838041459999658, 0.7065806800001155, 0.9617319619999307, 0.8310633680000592, 0.7429245770001671, 0.791550505000032, 0.8595901880000838, 0.8543294890000652, 0.729087527999809, 0.6830315140000494, 0.7036234970000805, 0.6785727819999465, 0.8874292049999895, 0.9970972440000878, 1.066770292000001, 0.829920434000087, 0.7240402869999798, 0.726872301999947, 0.7946036920000097, 0.8324134760000561, 0.6739815549999548, 0.6745923250000487, 0.7218919150000147, 0.7681274980000126, 0.7781011860001854, 0.8500308659999973, 0.7166837320000923, 0.7576608229999238, 0.9379635889999918, 0.882592188999979, 0.8867554480000308, 0.763784300999987, 0.7198223670000061, 0.7484857779998038, 0.7085099310002079, 0.946931351999865, 0.7931932819999474, 0.8234820710001713, 0.70594647300004, 0.6996710060000169, 0.7128762209999877, 0.6737810230001742, 0.7456332599999769, 0.6493271249998998, 0.7563719290001245, 1.0751411080000253, 0.9454136849999486, 0.8467848469999808, 0.7982842369999616, 0.6869460610000715, 0.7227655649999178, 0.8205745349998779, 0.6764991989998634, 0.7239544259998638, 0.791611802999796, 0.7161635270001625, 0.6816012819999742, 0.64874619599982, 0.7360279689999061, 1.0023556759999792, 1.314759279999862]}