{"model loading footprint (GB)": 1.7588787078857422, "accuracy": 0.46, "total_output_token_count": 13452, "total_generation_time_l": [2.3468608869999343, 0.7036896719999959, 6.07495472100004, 2.414405501000033, 5.704651050999928, 3.6187995220000175, 15.195825329999934, 6.7027526000000535, 7.486415703000034, 3.806429365999975, 8.295494427999984, 3.096470830000044, 6.632031988999984, 14.678468818999932, 6.913374055000077, 5.378338079999935, 3.3335873890000585, 3.6648632530000214, 0.38263846099994225, 14.513754371000005, 9.675716319999992, 4.661368609000078, 3.594653332000007, 2.1397325630000523, 5.542432169999984, 6.170620205999967, 6.452278960000058, 4.264345818000038, 6.829588170999841, 13.652019904999861, 5.219282948, 5.949174128000095, 4.267441901999973, 4.133423880999999, 8.547392212999966, 3.809812433000161, 4.8534680220000155, 6.522655490000034, 6.635110941999983, 7.2622659399999065, 3.906159925999873, 7.204045244000099, 5.219118607999917, 3.546643521000078, 14.33894822100001, 13.110820955000008, 3.071549842999957, 6.082983870000135, 3.5177276219999385, 4.172871531000055, 12.132249534000039, 2.8313164280000365, 10.955755270000054, 4.7812991779999265, 4.352460595999901, 4.166173006000008, 2.985985679999885, 7.060258421000071, 13.987434065999878, 3.0292023290001, 5.436478975999989, 5.593889849999869, 4.4286965139999666, 14.292009422999854, 6.884472718999859, 5.0296072549999735, 13.574497177000012, 5.387000249000039, 4.378467451000006, 2.7269305929999064, 4.188637069000151, 8.924706591999893, 1.8460645370000748, 5.227388898000072, 13.545995809000033, 2.057662405999963, 10.224025066000195, 7.496428563000109, 2.6948203849999572, 3.5844858299999487, 3.091001475000212, 4.06297325599985, 9.104888372999994, 2.995217468999954, 15.841539344000012, 6.384735358999933, 5.447167875999867, 6.304750532999833, 3.3898223690000577, 3.851527396999927, 14.151104722000127, 4.303659298999946, 5.732890245999897, 2.7552784009999414, 7.40087050399984, 3.966002734000085, 2.2177192579999883, 3.803376070000013, 2.9532269789999646, 14.811788515999979], "TTFT_l": [2.3468608869999343, 0.7036896719999959, 6.07495472100004, 2.414405501000033, 5.704651050999928, 3.6187995220000175, 15.195825329999934, 6.7027526000000535, 7.486415703000034, 3.806429365999975, 8.295494427999984, 3.096470830000044, 6.632031988999984, 14.678468818999932, 6.913374055000077, 5.378338079999935, 3.3335873890000585, 3.6648632530000214, 0.38263846099994225, 14.513754371000005, 9.675716319999992, 4.661368609000078, 3.594653332000007, 2.1397325630000523, 5.542432169999984, 6.170620205999967, 6.452278960000058, 4.264345818000038, 6.829588170999841, 13.652019904999861, 5.219282948, 5.949174128000095, 4.267441901999973, 4.133423880999999, 8.547392212999966, 3.809812433000161, 4.8534680220000155, 6.522655490000034, 6.635110941999983, 7.2622659399999065, 3.906159925999873, 7.204045244000099, 5.219118607999917, 3.546643521000078, 14.33894822100001, 13.110820955000008, 3.071549842999957, 6.082983870000135, 3.5177276219999385, 4.172871531000055, 12.132249534000039, 2.8313164280000365, 10.955755270000054, 4.7812991779999265, 4.352460595999901, 4.166173006000008, 2.985985679999885, 7.060258421000071, 13.987434065999878, 3.0292023290001, 5.436478975999989, 5.593889849999869, 4.4286965139999666, 14.292009422999854, 6.884472718999859, 5.0296072549999735, 13.574497177000012, 5.387000249000039, 4.378467451000006, 2.7269305929999064, 4.188637069000151, 8.924706591999893, 1.8460645370000748, 5.227388898000072, 13.545995809000033, 2.057662405999963, 10.224025066000195, 7.496428563000109, 2.6948203849999572, 3.5844858299999487, 3.091001475000212, 4.06297325599985, 9.104888372999994, 2.995217468999954, 15.841539344000012, 6.384735358999933, 5.447167875999867, 6.304750532999833, 3.3898223690000577, 3.851527396999927, 14.151104722000127, 4.303659298999946, 5.732890245999897, 2.7552784009999414, 7.40087050399984, 3.966002734000085, 2.2177192579999883, 3.803376070000013, 2.9532269789999646, 14.811788515999979]}