{"model loading footprint (GB)": 1.2230607271194458, "accuracy": 0.19, "total_output_token_count": 8285, "total_generation_time_l": [5.142874682000183, 2.003066134000619, 4.908847957999569, 1.7249770010002976, 2.9118018439994557, 4.984353651000674, 1.8513336409996555, 2.9787631070003044, 10.899939834000179, 2.3398003120000794, 3.836773938999613, 3.980354754000473, 1.5985339419994489, 0.9309038249994046, 3.5315470430005007, 1.6393763619998936, 0.825431700000081, 1.1262860670003647, 4.456320799000423, 5.764917971000614, 3.9967521799999304, 1.9219932030000564, 0.8244221189997916, 1.8158037900002455, 4.552242435000153, 2.1063475589999143, 2.881462760999966, 4.06933243200001, 2.190445268000076, 3.125748630999624, 3.0098217000004297, 5.795731672999864, 2.395916997999848, 2.6517862359996798, 2.6690208820000407, 2.573868405000212, 1.7373465489999944, 2.7186395499993523, 2.12479321399951, 8.547768796000128, 1.6065075099995738, 8.712963095000305, 2.280641936000393, 4.318274491999546, 4.385130645000572, 0.8713355580002826, 1.4628617450007368, 1.9393959489998451, 2.135207051999714, 2.0634838489995673, 12.332864306999909, 0.7665676639999219, 4.239903611000045, 3.793854309999915, 2.898846187000345, 2.4244627019998006, 1.473194751999472, 2.1106863080003677, 2.9553886630001216, 1.4659012639995126, 2.6875724980000086, 0.9845494519995555, 6.357567146999827, 4.748029317999681, 2.0092209929998717, 7.378204751999874, 2.559469302999787, 2.306760657000268, 0.7592285079999783, 2.3521294750007655, 2.4097806409999976, 1.3190682170006767, 3.364575839000281, 3.676411071000075, 1.1516318789999787, 2.093293052000263, 11.07254462200035, 3.1665428899996186, 3.620771904999856, 2.421362307999516, 2.386079996999797, 2.592107495000164, 1.5345486319993142, 1.4750821470006485, 1.2626923810003063, 2.9861002050001844, 1.0576113430006444, 5.282417295000414, 2.0171414799997365, 4.05050788599965, 2.6682914459997846, 2.7427745679997315, 2.7414149570004156, 2.9454133050003293, 1.9632783730003212, 6.195975753999846, 1.9150923459992555, 2.423214158000519, 1.9085944379994544, 3.676255711000522], "TTFT_l": [5.142874682000183, 2.003066134000619, 4.908847957999569, 1.7249770010002976, 2.9118018439994557, 4.984353651000674, 1.8513336409996555, 2.9787631070003044, 10.899939834000179, 2.3398003120000794, 3.836773938999613, 3.980354754000473, 1.5985339419994489, 0.9309038249994046, 3.5315470430005007, 1.6393763619998936, 0.825431700000081, 1.1262860670003647, 4.456320799000423, 5.764917971000614, 3.9967521799999304, 1.9219932030000564, 0.8244221189997916, 1.8158037900002455, 4.552242435000153, 2.1063475589999143, 2.881462760999966, 4.06933243200001, 2.190445268000076, 3.125748630999624, 3.0098217000004297, 5.795731672999864, 2.395916997999848, 2.6517862359996798, 2.6690208820000407, 2.573868405000212, 1.7373465489999944, 2.7186395499993523, 2.12479321399951, 8.547768796000128, 1.6065075099995738, 8.712963095000305, 2.280641936000393, 4.318274491999546, 4.385130645000572, 0.8713355580002826, 1.4628617450007368, 1.9393959489998451, 2.135207051999714, 2.0634838489995673, 12.332864306999909, 0.7665676639999219, 4.239903611000045, 3.793854309999915, 2.898846187000345, 2.4244627019998006, 1.473194751999472, 2.1106863080003677, 2.9553886630001216, 1.4659012639995126, 2.6875724980000086, 0.9845494519995555, 6.357567146999827, 4.748029317999681, 2.0092209929998717, 7.378204751999874, 2.559469302999787, 2.306760657000268, 0.7592285079999783, 2.3521294750007655, 2.4097806409999976, 1.3190682170006767, 3.364575839000281, 3.676411071000075, 1.1516318789999787, 2.093293052000263, 11.07254462200035, 3.1665428899996186, 3.620771904999856, 2.421362307999516, 2.386079996999797, 2.592107495000164, 1.5345486319993142, 1.4750821470006485, 1.2626923810003063, 2.9861002050001844, 1.0576113430006444, 5.282417295000414, 2.0171414799997365, 4.05050788599965, 2.6682914459997846, 2.7427745679997315, 2.7414149570004156, 2.9454133050003293, 1.9632783730003212, 6.195975753999846, 1.9150923459992555, 2.423214158000519, 1.9085944379994544, 3.676255711000522]}