{"model loading footprint (GB)": 4.603767514228821, "accuracy": 0.2266868840030326, "total_output_token_count": 7374, "total_generation_time_l": [38.91536225799973, 7.262754785000652, 13.297517349999907, 7.2876232790004, 20.46065907800039, 9.254067750000104, 14.779481642999599, 14.70045673200002, 24.600871949000066, 15.498646620999352, 12.228998028000206, 17.08949887900053, 4.588262089999262, 23.9860138439999, 12.306000668000706, 12.386379847999706, 1.9856004270004632, 3.962623937999524, 20.852162428000156, 16.847345049998694, 41.903611763998924, 7.4277723409995815, 11.369846424999196, 25.131503144999442, 19.42182211799991, 6.066830055999162, 22.399852735999957, 15.27098665900121, 13.54432791599902, 15.068544480000128, 17.845587547999457, 17.307852103998812, 14.284751727000184, 12.563838783000392, 12.019340920000104, 25.877537936999943, 27.647860900000524, 20.863992515000064, 18.533560103998752, 50.170943264000016, 16.585080945998925, 3.551279252000313, 15.896744229999968, 22.41408127199975, 10.099766407000061, 2.2626925880013005, 5.698571128999902, 21.25126289599939, 16.63021044499874, 3.6175270349995117, 14.889110694999545, 12.552313936001156, 19.48149903400008, 130.36477594700045, 4.716540936999081, 18.797392907001267, 9.651847789000385, 20.354923913000675, 7.35910234900075, 13.061001927000689, 18.105822892001015, 10.322164990000601, 39.16322312099874, 18.705303685999752, 6.703562685999714, 128.57638847499948, 20.513034605999565, 30.519643996000013, 27.74127274899911, 14.565609444000074, 30.64484263200029, 7.145023629000207, 14.982503241999439, 10.518821976000254, 2.5064987000005203, 8.573308605999046, 2.209568009000577, 18.0772616739996, 18.2411670700003, 9.34478450000097, 15.058940102000633, 15.260613037999065, 14.276420420999784, 7.049803554999016, 6.10678643600113, 19.21112580100089, 18.051943710999694, 15.42597998400015, 28.48926261899942, 15.880932281999776, 24.942714957000135, 17.148042453000016, 5.3376125220001995, 38.50344117199893, 13.492752100000871, 23.978090874999907, 12.660272273000373, 20.242126045999612, 13.981245020000642, 131.64192499400087], "TTFT_l": [38.91536225799973, 7.262754785000652, 13.297517349999907, 7.2876232790004, 20.46065907800039, 9.254067750000104, 14.779481642999599, 14.70045673200002, 24.600871949000066, 15.498646620999352, 12.228998028000206, 17.08949887900053, 4.588262089999262, 23.9860138439999, 12.306000668000706, 12.386379847999706, 1.9856004270004632, 3.962623937999524, 20.852162428000156, 16.847345049998694, 41.903611763998924, 7.4277723409995815, 11.369846424999196, 25.131503144999442, 19.42182211799991, 6.066830055999162, 22.399852735999957, 15.27098665900121, 13.54432791599902, 15.068544480000128, 17.845587547999457, 17.307852103998812, 14.284751727000184, 12.563838783000392, 12.019340920000104, 25.877537936999943, 27.647860900000524, 20.863992515000064, 18.533560103998752, 50.170943264000016, 16.585080945998925, 3.551279252000313, 15.896744229999968, 22.41408127199975, 10.099766407000061, 2.2626925880013005, 5.698571128999902, 21.25126289599939, 16.63021044499874, 3.6175270349995117, 14.889110694999545, 12.552313936001156, 19.48149903400008, 130.36477594700045, 4.716540936999081, 18.797392907001267, 9.651847789000385, 20.354923913000675, 7.35910234900075, 13.061001927000689, 18.105822892001015, 10.322164990000601, 39.16322312099874, 18.705303685999752, 6.703562685999714, 128.57638847499948, 20.513034605999565, 30.519643996000013, 27.74127274899911, 14.565609444000074, 30.64484263200029, 7.145023629000207, 14.982503241999439, 10.518821976000254, 2.5064987000005203, 8.573308605999046, 2.209568009000577, 18.0772616739996, 18.2411670700003, 9.34478450000097, 15.058940102000633, 15.260613037999065, 14.276420420999784, 7.049803554999016, 6.10678643600113, 19.21112580100089, 18.051943710999694, 15.42597998400015, 28.48926261899942, 15.880932281999776, 24.942714957000135, 17.148042453000016, 5.3376125220001995, 38.50344117199893, 13.492752100000871, 23.978090874999907, 12.660272273000373, 20.242126045999612, 13.981245020000642, 131.64192499400087]}