{"model loading footprint (GB)": 6.620168924331665, "accuracy": 0.489764973464746, "total_output_token_count": 12457, "total_generation_time_l": [25.024116137999954, 8.485660169999846, 28.697122329000194, 12.916822490999948, 27.156344693999927, 46.57585761200016, 24.010750831000223, 17.988795207000294, 28.348755298000015, 20.36001446599994, 23.3796087110004, 32.833373277999726, 98.21486375999984, 63.11630642499995, 34.453572960999736, 69.83710932400027, 13.849519101000169, 21.528423584999928, 16.95892411700015, 19.102296303999992, 39.27392162000024, 22.10057723099999, 17.770196206000037, 30.569735921999836, 20.24119362400006, 71.2388878300003, 37.49828991100003, 20.11614705799957, 16.529818476999935, 19.12080194600003, 32.86404550499992, 22.78860876800036, 15.41612234899958, 16.657287816999997, 90.27193839199981, 21.478108205999888, 17.30884394399982, 22.034520754999903, 25.133900242000436, 25.14931060500021, 11.465630176000104, 22.045540965999862, 43.20763339799987, 109.52516025700015, 31.247246862999873, 30.24346540100032, 23.825307883000278, 37.602665493999666, 10.402706521000255, 17.419856624000204, 16.56836265799984, 15.925486245999764, 28.72809916999995, 7.741731509999681, 11.791795471000114, 11.526479027000278, 15.385854180000024, 24.793430678000277, 19.03446010000016, 18.426477103000252, 20.24236932599979, 24.21498045999988, 26.932844053999816, 44.46421636700006, 15.637075321999873, 16.345707923999726, 13.696422784999868, 23.329294434000076, 18.330701557999873, 11.124014231000274, 25.86494946899984, 11.093939790999684, 17.950921454999843, 19.93490514699988, 66.18876107100004, 21.194750311999996, 34.581006503000026, 24.023725435000415, 22.279907251000623, 60.53330582199942, 23.050789916000213, 32.69567856100002, 18.051908393999838, 14.381477023000116, 11.467198127999836, 20.132506928999646, 44.20013879199996, 27.04434303800008, 20.02390656300031, 14.631388269000126, 21.859419200000048, 32.04506411999955, 24.859155645999635, 22.397197686000254, 33.496108940999875, 34.30113181500019, 10.314499408999836, 37.70543023799928, 16.128120872999716, 27.665814353000314], "TTFT_l": [25.024116137999954, 8.485660169999846, 28.697122329000194, 12.916822490999948, 27.156344693999927, 46.57585761200016, 24.010750831000223, 17.988795207000294, 28.348755298000015, 20.36001446599994, 23.3796087110004, 32.833373277999726, 98.21486375999984, 63.11630642499995, 34.453572960999736, 69.83710932400027, 13.849519101000169, 21.528423584999928, 16.95892411700015, 19.102296303999992, 39.27392162000024, 22.10057723099999, 17.770196206000037, 30.569735921999836, 20.24119362400006, 71.2388878300003, 37.49828991100003, 20.11614705799957, 16.529818476999935, 19.12080194600003, 32.86404550499992, 22.78860876800036, 15.41612234899958, 16.657287816999997, 90.27193839199981, 21.478108205999888, 17.30884394399982, 22.034520754999903, 25.133900242000436, 25.14931060500021, 11.465630176000104, 22.045540965999862, 43.20763339799987, 109.52516025700015, 31.247246862999873, 30.24346540100032, 23.825307883000278, 37.602665493999666, 10.402706521000255, 17.419856624000204, 16.56836265799984, 15.925486245999764, 28.72809916999995, 7.741731509999681, 11.791795471000114, 11.526479027000278, 15.385854180000024, 24.793430678000277, 19.03446010000016, 18.426477103000252, 20.24236932599979, 24.21498045999988, 26.932844053999816, 44.46421636700006, 15.637075321999873, 16.345707923999726, 13.696422784999868, 23.329294434000076, 18.330701557999873, 11.124014231000274, 25.86494946899984, 11.093939790999684, 17.950921454999843, 19.93490514699988, 66.18876107100004, 21.194750311999996, 34.581006503000026, 24.023725435000415, 22.279907251000623, 60.53330582199942, 23.050789916000213, 32.69567856100002, 18.051908393999838, 14.381477023000116, 11.467198127999836, 20.132506928999646, 44.20013879199996, 27.04434303800008, 20.02390656300031, 14.631388269000126, 21.859419200000048, 32.04506411999955, 24.859155645999635, 22.397197686000254, 33.496108940999875, 34.30113181500019, 10.314499408999836, 37.70543023799928, 16.128120872999716, 27.665814353000314]}