{"model loading footprint (GB)": 11.968425989151001, "accuracy": 0.5253980288097043, "total_output_token_count": 21928, "total_generation_time_l": [56.53239201500037, 25.369143780999366, 327.4379795980003, 20.94652756799951, 56.099461596000765, 138.17910504700012, 327.8204386590005, 143.4438886049993, 330.5230866139991, 63.64461704099995, 330.07686853199993, 61.573878678000256, 333.9942273100005, 329.3068590769999, 149.52087785299955, 121.10324175799906, 332.6416010840003, 56.293435315999886, 37.56536059099926, 46.3599464279996, 194.46083336099946, 85.34338130000106, 67.72677131500132, 49.792802349998965, 87.75454059300137, 199.34869911399983, 242.83575160600049, 87.49988841499908, 53.4306728520005, 59.26520627900027, 84.45819007499995, 231.56887979199928, 168.99339348899957, 122.08342957899913, 57.41591555800005, 80.22424103000048, 58.93465729700074, 332.45083557, 143.69035776000055, 110.06878377599787, 116.7431765959991, 115.0423164499989, 48.83613126199998, 332.84552392800106, 288.77624380699854, 249.42338241200196, 145.80929134799953, 330.01553484599935, 41.44276681200063, 48.729683270998066, 81.25588213599985, 326.2846476809973, 160.7336764419997, 90.80379953700321, 70.50996500600013, 51.91265995800131, 57.00622631999795, 73.38820260000284, 79.98241845599841, 40.283601376999286, 61.75514583899712, 39.994203349997406, 329.9067964559981, 95.6683590629982, 106.76202518600257, 180.37622280100186, 96.1240445580006, 135.02623153400054, 67.30580362999899, 87.14721235899924, 108.17442382000081, 49.319383260000905, 60.67705589600155, 74.46334088199728, 91.03170664799836, 332.7599969740004, 336.04881023399867, 54.51039148199925, 312.10029453600146, 37.31426052200186, 65.77663985100298, 200.41674902799787, 146.72101337200002, 194.6276832069998, 84.11182610999822, 378.37804020600015, 97.28460474500025, 216.24835682400226, 275.121701207001, 62.02926095899966, 88.24835848599832, 56.528170412999316, 61.06365716399887, 369.30279744299696, 359.1037240330006, 77.98644975899879, 57.724169010998594, 378.3405447430014, 105.60874642300041, 84.0377947349989], "TTFT_l": [56.53239201500037, 25.369143780999366, 327.4379795980003, 20.94652756799951, 56.099461596000765, 138.17910504700012, 327.8204386590005, 143.4438886049993, 330.5230866139991, 63.64461704099995, 330.07686853199993, 61.573878678000256, 333.9942273100005, 329.3068590769999, 149.52087785299955, 121.10324175799906, 332.6416010840003, 56.293435315999886, 37.56536059099926, 46.3599464279996, 194.46083336099946, 85.34338130000106, 67.72677131500132, 49.792802349998965, 87.75454059300137, 199.34869911399983, 242.83575160600049, 87.49988841499908, 53.4306728520005, 59.26520627900027, 84.45819007499995, 231.56887979199928, 168.99339348899957, 122.08342957899913, 57.41591555800005, 80.22424103000048, 58.93465729700074, 332.45083557, 143.69035776000055, 110.06878377599787, 116.7431765959991, 115.0423164499989, 48.83613126199998, 332.84552392800106, 288.77624380699854, 249.42338241200196, 145.80929134799953, 330.01553484599935, 41.44276681200063, 48.729683270998066, 81.25588213599985, 326.2846476809973, 160.7336764419997, 90.80379953700321, 70.50996500600013, 51.91265995800131, 57.00622631999795, 73.38820260000284, 79.98241845599841, 40.283601376999286, 61.75514583899712, 39.994203349997406, 329.9067964559981, 95.6683590629982, 106.76202518600257, 180.37622280100186, 96.1240445580006, 135.02623153400054, 67.30580362999899, 87.14721235899924, 108.17442382000081, 49.319383260000905, 60.67705589600155, 74.46334088199728, 91.03170664799836, 332.7599969740004, 336.04881023399867, 54.51039148199925, 312.10029453600146, 37.31426052200186, 65.77663985100298, 200.41674902799787, 146.72101337200002, 194.6276832069998, 84.11182610999822, 378.37804020600015, 97.28460474500025, 216.24835682400226, 275.121701207001, 62.02926095899966, 88.24835848599832, 56.528170412999316, 61.06365716399887, 369.30279744299696, 359.1037240330006, 77.98644975899879, 57.724169010998594, 378.3405447430014, 105.60874642300041, 84.0377947349989]}