{"accuracy": 0.0, "total_output_token_count": 100, "total_generation_time_l": [21.356245813999976, 18.821357755999998, 20.401572317000046, 18.961085320999928, 22.164656369999875, 20.287959848000128, 19.078467732000036, 21.74606226700007, 22.41465984799993, 19.446807326, 20.410914967000053, 19.613634975000195, 21.531384054, 20.56839707800009, 19.485426105999977, 21.84403077600018, 19.57469602900005, 20.2317847490001, 18.98782868399985, 21.072527660000105, 20.431373143999963, 19.087352173, 20.290773502999855, 18.972412177000024, 19.82463544899997, 21.24894574300015, 20.248767720999922, 20.29868850699995, 19.26451712199969, 21.417503702999966, 19.75484932399968, 19.96581688799961, 20.200749919999907, 18.64507413299998, 19.939072792999923, 19.21826352199969, 20.147112855999694, 21.732319051000104, 19.074925306000296, 21.388714921999963, 19.18214301299986, 22.63033275099997, 21.516500263000125, 19.515768193999975, 21.463125311000113, 21.84763171500026, 21.38682116200016, 19.620701273000122, 19.93635819500014, 19.467929483000262, 19.986083376999886, 19.275871921999624, 20.676381177000167, 20.931480887999896, 20.043806282999867, 20.346677983000063, 19.083636623000075, 20.6772922680002, 20.367308271000184, 19.40259396600004, 19.679205996999826, 19.587383366000267, 20.5722959980003, 19.63952085100027, 21.254656543999772, 20.035618290000002, 19.639219906000108, 21.105717147000178, 18.912785748999795, 20.340171910999743, 19.304797322000013, 20.042741623999973, 20.14110764399993, 19.084628261000034, 21.701458256000024, 19.67540796000003, 20.97064198199996, 19.889522167999985, 19.08403440500024, 20.122435838, 18.92431012199995, 20.32762593999996, 18.642174963000343, 19.685554037999736, 18.514468128000317, 21.11532248399999, 20.355975007000325, 20.581427494999843, 19.95904814100004, 19.21501335200037, 21.048302958000022, 19.2128949490002, 20.21712799099987, 20.49183463899999, 19.494288287000018, 20.0742584059999, 18.830863792999935, 21.29832171099997, 20.08249684700013, 20.93910102699965], "TTFT_l": [21.356245813999976, 18.821357755999998, 20.401572317000046, 18.961085320999928, 22.164656369999875, 20.287959848000128, 19.078467732000036, 21.74606226700007, 22.41465984799993, 19.446807326, 20.410914967000053, 19.613634975000195, 21.531384054, 20.56839707800009, 19.485426105999977, 21.84403077600018, 19.57469602900005, 20.2317847490001, 18.98782868399985, 21.072527660000105, 20.431373143999963, 19.087352173, 20.290773502999855, 18.972412177000024, 19.82463544899997, 21.24894574300015, 20.248767720999922, 20.29868850699995, 19.26451712199969, 21.417503702999966, 19.75484932399968, 19.96581688799961, 20.200749919999907, 18.64507413299998, 19.939072792999923, 19.21826352199969, 20.147112855999694, 21.732319051000104, 19.074925306000296, 21.388714921999963, 19.18214301299986, 22.63033275099997, 21.516500263000125, 19.515768193999975, 21.463125311000113, 21.84763171500026, 21.38682116200016, 19.620701273000122, 19.93635819500014, 19.467929483000262, 19.986083376999886, 19.275871921999624, 20.676381177000167, 20.931480887999896, 20.043806282999867, 20.346677983000063, 19.083636623000075, 20.6772922680002, 20.367308271000184, 19.40259396600004, 19.679205996999826, 19.587383366000267, 20.5722959980003, 19.63952085100027, 21.254656543999772, 20.035618290000002, 19.639219906000108, 21.105717147000178, 18.912785748999795, 20.340171910999743, 19.304797322000013, 20.042741623999973, 20.14110764399993, 19.084628261000034, 21.701458256000024, 19.67540796000003, 20.97064198199996, 19.889522167999985, 19.08403440500024, 20.122435838, 18.92431012199995, 20.32762593999996, 18.642174963000343, 19.685554037999736, 18.514468128000317, 21.11532248399999, 20.355975007000325, 20.581427494999843, 19.95904814100004, 19.21501335200037, 21.048302958000022, 19.2128949490002, 20.21712799099987, 20.49183463899999, 19.494288287000018, 20.0742584059999, 18.830863792999935, 21.29832171099997, 20.08249684700013, 20.93910102699965]}