{"model loading footprint (GB)": 3.1795923709869385, "accuracy": 0.42, "total_output_token_count": 19315, "total_generation_time_l": [21.367044039999996, 11.294375620999972, 28.983235318000084, 15.812364838999997, 14.347032882000008, 8.931015785, 7.095597144999942, 16.04736402100002, 27.358140775000038, 16.48684639499993, 11.690402250000034, 28.737056707999955, 23.482713434999937, 11.312454212000034, 9.578993294000043, 9.803751356999896, 29.190300318000027, 22.92840379900008, 7.407622734000142, 14.322357471000032, 24.146055787000023, 10.562143455000069, 30.614553200999808, 5.9282283739999, 27.081610541999908, 18.19543198800011, 9.032750568999973, 24.132037298999876, 7.950451778999877, 29.81183104699994, 15.809188876000007, 10.635213135000186, 10.199674159000097, 27.65542809800013, 16.987290323000025, 25.051342341999998, 7.961794281000039, 14.16884047099984, 18.36728144100016, 30.369561509999812, 9.434992947000183, 27.64033249299996, 5.2250453399999515, 32.547465198000054, 26.78883397300001, 29.252178695999874, 20.626032503000033, 30.183869665999964, 17.289952085999857, 8.116144415999997, 8.129440404999968, 30.15363812999999, 29.30814991699981, 27.524169709999796, 10.385300838000148, 8.364899134000098, 7.281265543000018, 20.729821196000103, 12.588291880000043, 4.707094672000039, 10.859951953000063, 29.096988609999926, 29.186089431000028, 22.03858132000005, 12.924978445000079, 14.437086808000004, 5.810557932999927, 7.017489541000032, 5.472506530999908, 20.11836838199997, 7.897412956999915, 6.661790980999967, 29.43535455999995, 12.658415818000094, 23.564395952999803, 28.193129088000205, 27.508438002000275, 6.334069874999841, 29.763961869000013, 6.047873754999728, 30.08114982999996, 9.208294602000024, 16.84507378499984, 30.232945078000284, 14.779261864000091, 10.862574767999831, 8.118111316999602, 5.726571129999684, 17.203708410000218, 7.52322200899971, 10.411751114999788, 6.876220115000251, 29.215771783000037, 14.30905771100015, 6.4685869799996, 29.598645681000107, 5.705645576000279, 19.72316779799985, 9.275604811999983, 9.76839570600032], "TTFT_l": [21.367044039999996, 11.294375620999972, 28.983235318000084, 15.812364838999997, 14.347032882000008, 8.931015785, 7.095597144999942, 16.04736402100002, 27.358140775000038, 16.48684639499993, 11.690402250000034, 28.737056707999955, 23.482713434999937, 11.312454212000034, 9.578993294000043, 9.803751356999896, 29.190300318000027, 22.92840379900008, 7.407622734000142, 14.322357471000032, 24.146055787000023, 10.562143455000069, 30.614553200999808, 5.9282283739999, 27.081610541999908, 18.19543198800011, 9.032750568999973, 24.132037298999876, 7.950451778999877, 29.81183104699994, 15.809188876000007, 10.635213135000186, 10.199674159000097, 27.65542809800013, 16.987290323000025, 25.051342341999998, 7.961794281000039, 14.16884047099984, 18.36728144100016, 30.369561509999812, 9.434992947000183, 27.64033249299996, 5.2250453399999515, 32.547465198000054, 26.78883397300001, 29.252178695999874, 20.626032503000033, 30.183869665999964, 17.289952085999857, 8.116144415999997, 8.129440404999968, 30.15363812999999, 29.30814991699981, 27.524169709999796, 10.385300838000148, 8.364899134000098, 7.281265543000018, 20.729821196000103, 12.588291880000043, 4.707094672000039, 10.859951953000063, 29.096988609999926, 29.186089431000028, 22.03858132000005, 12.924978445000079, 14.437086808000004, 5.810557932999927, 7.017489541000032, 5.472506530999908, 20.11836838199997, 7.897412956999915, 6.661790980999967, 29.43535455999995, 12.658415818000094, 23.564395952999803, 28.193129088000205, 27.508438002000275, 6.334069874999841, 29.763961869000013, 6.047873754999728, 30.08114982999996, 9.208294602000024, 16.84507378499984, 30.232945078000284, 14.779261864000091, 10.862574767999831, 8.118111316999602, 5.726571129999684, 17.203708410000218, 7.52322200899971, 10.411751114999788, 6.876220115000251, 29.215771783000037, 14.30905771100015, 6.4685869799996, 29.598645681000107, 5.705645576000279, 19.72316779799985, 9.275604811999983, 9.76839570600032]}