{"model loading footprint (GB)": 3.1795923709869385, "accuracy": 0.0, "total_output_token_count": 100, "total_generation_time_l": [1.630173776000447, 0.6907684359994164, 1.8156823919998715, 1.0482153179991656, 2.6848265950002315, 1.359884322999278, 1.076103377000436, 1.6637385659996653, 2.511702387999321, 2.0130779390001408, 1.6041472169999906, 1.5816100669999287, 1.6532337360004021, 1.4642816700006733, 1.2646057540005131, 2.2408569640001588, 1.2916805930008195, 1.9744276190003802, 0.7696435650004787, 1.6216807160008102, 1.5157094590003908, 1.1320814669998072, 1.4092834510001921, 1.016601298999376, 0.9339790209996863, 1.5970553580000342, 2.2487502630001472, 1.4297214210000675, 1.2161274950003644, 1.671280976000162, 0.9222371010000643, 1.5015910389993223, 1.027260779000244, 0.7341855450004005, 1.0248813589996644, 1.7242046439996557, 1.3012928030002513, 1.511116339000182, 1.0687488779994965, 1.8284902519999378, 1.1209348860002137, 3.054689767000127, 2.554276647999359, 1.5127545989998907, 1.8103091120001409, 2.27936456200041, 2.227337443999204, 1.1850255350000225, 1.4650574200004485, 4.4126651289998335, 0.8922129620004853, 1.2263876249999157, 1.519181878999916, 2.4269062599996687, 2.1884718749997774, 1.7909196230002635, 1.1277262869998594, 1.7958289930002138, 1.9892235689994777, 0.7886244439996517, 0.9527646400001686, 1.4219342510004935, 1.558493687999544, 2.1936664450004173, 2.3150189719999616, 1.216613855000105, 1.45758768000087, 1.325965083000483, 0.926483651000126, 1.2749077439993926, 1.263573954000094, 1.1578146960000595, 1.8865858809995188, 1.0808664180003689, 3.02934145800009, 1.6451874560007127, 2.0426847979997547, 1.1473901660001502, 1.0395769189999555, 1.823333523000656, 0.9579214199993658, 1.4161410409997188, 0.7421992549998322, 0.840903242999957, 0.6577567669992277, 2.0545945280000524, 2.1768753550004476, 1.937000519999856, 1.4732568999997966, 1.3392375229996105, 2.921305240000038, 4.027468386999317, 1.3052463730000454, 2.305998312999691, 3.480764077999993, 2.450388820000626, 0.8349688520002019, 1.3310153820002597, 2.283230992999961, 2.5881484569999884], "TTFT_l": [1.630173776000447, 0.6907684359994164, 1.8156823919998715, 1.0482153179991656, 2.6848265950002315, 1.359884322999278, 1.076103377000436, 1.6637385659996653, 2.511702387999321, 2.0130779390001408, 1.6041472169999906, 1.5816100669999287, 1.6532337360004021, 1.4642816700006733, 1.2646057540005131, 2.2408569640001588, 1.2916805930008195, 1.9744276190003802, 0.7696435650004787, 1.6216807160008102, 1.5157094590003908, 1.1320814669998072, 1.4092834510001921, 1.016601298999376, 0.9339790209996863, 1.5970553580000342, 2.2487502630001472, 1.4297214210000675, 1.2161274950003644, 1.671280976000162, 0.9222371010000643, 1.5015910389993223, 1.027260779000244, 0.7341855450004005, 1.0248813589996644, 1.7242046439996557, 1.3012928030002513, 1.511116339000182, 1.0687488779994965, 1.8284902519999378, 1.1209348860002137, 3.054689767000127, 2.554276647999359, 1.5127545989998907, 1.8103091120001409, 2.27936456200041, 2.227337443999204, 1.1850255350000225, 1.4650574200004485, 4.4126651289998335, 0.8922129620004853, 1.2263876249999157, 1.519181878999916, 2.4269062599996687, 2.1884718749997774, 1.7909196230002635, 1.1277262869998594, 1.7958289930002138, 1.9892235689994777, 0.7886244439996517, 0.9527646400001686, 1.4219342510004935, 1.558493687999544, 2.1936664450004173, 2.3150189719999616, 1.216613855000105, 1.45758768000087, 1.325965083000483, 0.926483651000126, 1.2749077439993926, 1.263573954000094, 1.1578146960000595, 1.8865858809995188, 1.0808664180003689, 3.02934145800009, 1.6451874560007127, 2.0426847979997547, 1.1473901660001502, 1.0395769189999555, 1.823333523000656, 0.9579214199993658, 1.4161410409997188, 0.7421992549998322, 0.840903242999957, 0.6577567669992277, 2.0545945280000524, 2.1768753550004476, 1.937000519999856, 1.4732568999997966, 1.3392375229996105, 2.921305240000038, 4.027468386999317, 1.3052463730000454, 2.305998312999691, 3.480764077999993, 2.450388820000626, 0.8349688520002019, 1.3310153820002597, 2.283230992999961, 2.5881484569999884]}