{"model loading footprint (GB)": 6.620168924331665, "accuracy": 0.0, "total_output_token_count": 100, "total_generation_time_l": [2.3003662339999664, 1.8425349370000959, 2.2492445729999417, 2.0177742190001027, 3.096672558000023, 2.2380523640000547, 2.012351200000012, 2.4719652069999256, 2.795171716000027, 2.200645674999919, 2.198913841000035, 2.2479541249999784, 2.2254291570000078, 2.2184803490000604, 2.185853042999952, 2.628027131000067, 2.315683407999927, 2.21767102900003, 1.8800034789999245, 2.214441828999952, 2.3369266450000623, 2.055805448000001, 2.197150770999997, 2.0395995199999106, 2.0508198490000495, 2.41866100499999, 2.3168937980000237, 2.154166315999987, 2.1188065909999523, 2.3479343440000093, 2.0240448120000565, 2.3162547769999264, 2.048020178999991, 1.8973888069999703, 2.1535289359999297, 2.2143713689999913, 2.17714107300003, 2.2869806410000137, 2.1215017199999693, 2.421913233000055, 2.0400367770000685, 2.9375950649999822, 2.498664864000034, 2.330723214000045, 2.390072135999958, 2.707022971000015, 2.680003154000019, 2.1722202119999565, 1.9439925080000648, 2.0882198819999758, 1.9519829360000358, 2.167072683000015, 2.22040993600001, 2.611913221000009, 2.381806028000028, 2.1068218589999788, 2.158841123000002, 2.415220024000064, 2.5105416430000105, 1.9412823879999905, 2.199997248999921, 2.2687099709999075, 2.4006846749999795, 2.417073154000036, 2.643237137999904, 2.197235718999991, 2.1515901049999684, 2.1341835450000417, 2.1322682050000594, 2.3399917499999674, 2.2808311100000083, 2.0476047989999415, 2.152642462000017, 1.9936108790000162, 2.887116289000005, 2.2375046170000132, 2.446743412000046, 2.1756518480000295, 2.1437893240000676, 2.065371265999943, 1.9970580069999642, 2.198026604000006, 1.8757762269999603, 1.885253186, 1.8016763299999639, 2.4968691340000078, 2.6096615349999865, 2.577079602000026, 1.9483352849999847, 2.1059477989999777, 2.462392639999962, 1.9869211699999596, 2.174413657999935, 2.4295283559999916, 2.114915048000057, 1.9605382229999577, 2.0670117939999955, 2.235033023000028, 2.654590528999961, 2.450991830000021], "TTFT_l": [2.3003662339999664, 1.8425349370000959, 2.2492445729999417, 2.0177742190001027, 3.096672558000023, 2.2380523640000547, 2.012351200000012, 2.4719652069999256, 2.795171716000027, 2.200645674999919, 2.198913841000035, 2.2479541249999784, 2.2254291570000078, 2.2184803490000604, 2.185853042999952, 2.628027131000067, 2.315683407999927, 2.21767102900003, 1.8800034789999245, 2.214441828999952, 2.3369266450000623, 2.055805448000001, 2.197150770999997, 2.0395995199999106, 2.0508198490000495, 2.41866100499999, 2.3168937980000237, 2.154166315999987, 2.1188065909999523, 2.3479343440000093, 2.0240448120000565, 2.3162547769999264, 2.048020178999991, 1.8973888069999703, 2.1535289359999297, 2.2143713689999913, 2.17714107300003, 2.2869806410000137, 2.1215017199999693, 2.421913233000055, 2.0400367770000685, 2.9375950649999822, 2.498664864000034, 2.330723214000045, 2.390072135999958, 2.707022971000015, 2.680003154000019, 2.1722202119999565, 1.9439925080000648, 2.0882198819999758, 1.9519829360000358, 2.167072683000015, 2.22040993600001, 2.611913221000009, 2.381806028000028, 2.1068218589999788, 2.158841123000002, 2.415220024000064, 2.5105416430000105, 1.9412823879999905, 2.199997248999921, 2.2687099709999075, 2.4006846749999795, 2.417073154000036, 2.643237137999904, 2.197235718999991, 2.1515901049999684, 2.1341835450000417, 2.1322682050000594, 2.3399917499999674, 2.2808311100000083, 2.0476047989999415, 2.152642462000017, 1.9936108790000162, 2.887116289000005, 2.2375046170000132, 2.446743412000046, 2.1756518480000295, 2.1437893240000676, 2.065371265999943, 1.9970580069999642, 2.198026604000006, 1.8757762269999603, 1.885253186, 1.8016763299999639, 2.4968691340000078, 2.6096615349999865, 2.577079602000026, 1.9483352849999847, 2.1059477989999777, 2.462392639999962, 1.9869211699999596, 2.174413657999935, 2.4295283559999916, 2.114915048000057, 1.9605382229999577, 2.0670117939999955, 2.235033023000028, 2.654590528999961, 2.450991830000021]}