{"model loading footprint (GB)": 1.7588787078857422, "accuracy": 0.0, "total_output_token_count": 100, "total_generation_time_l": [0.7787587370000892, 0.33986855300008756, 0.7101673129998289, 0.4469934139999623, 1.8632146709999233, 0.8713660099999743, 0.5382552470000519, 0.8362076729999899, 1.241135770000028, 0.7212888819999534, 0.7281931019999774, 0.7708074780000516, 0.8174933450000026, 0.7038011740000911, 0.6711524960001043, 1.126947029999883, 0.6605024279999725, 0.6981484440000258, 0.37355380100007096, 1.3798391500001799, 0.967400982000072, 0.5869624330000534, 0.6869588350000413, 0.5147400479997941, 0.489531290000059, 0.8206844149999597, 0.8222864839999602, 0.6892844349999905, 0.6161833500000284, 0.8266910340000777, 0.4951962899999671, 0.7725620080000226, 0.5282735279999997, 0.3822180289998869, 0.5160198280000259, 0.6476834679999683, 0.5888886129998809, 1.3491032919998815, 0.649238116999868, 0.8526155810000091, 0.5504087459999027, 1.5098181190001014, 0.9811097609999706, 0.7541109199999028, 0.932935235000059, 1.0918601629998648, 1.122190909999972, 0.6165826909998486, 0.45086300399998436, 0.5522756650000247, 0.4482780040000307, 1.1153095409999878, 0.9612567330000275, 1.1994351939999888, 0.973719322000079, 0.6135401009998986, 0.5669894349998685, 0.9134539070000756, 1.0204988790001153, 0.4395602649999546, 0.4655996829999367, 0.7549482399999761, 0.8179635050000797, 0.8386060630000429, 1.092440832999955, 0.6179864609998731, 1.2766298080000524, 0.7979990270000599, 0.49684894100005295, 0.6220442500000445, 0.6390064080001139, 0.550181565999992, 0.5991294120001385, 0.5502992859999267, 1.478317751000077, 0.7888934669999799, 1.017340077999961, 0.5574912560000485, 0.5260141780001959, 0.5829177439998148, 0.4609902820000116, 0.7276571319998766, 0.3862391289999323, 0.5132304890000796, 0.8195532140000523, 1.1637015270000575, 1.0409324170000218, 0.9659409430000778, 0.47803067199993166, 0.5960734520001552, 1.017133848999947, 0.479462630999933, 0.6667444069998965, 1.0009812800001328, 0.6268738900000699, 0.5241325790000246, 0.41229186700002174, 0.6653982870000164, 1.1487616690001232, 1.541232017000084], "TTFT_l": [0.7787587370000892, 0.33986855300008756, 0.7101673129998289, 0.4469934139999623, 1.8632146709999233, 0.8713660099999743, 0.5382552470000519, 0.8362076729999899, 1.241135770000028, 0.7212888819999534, 0.7281931019999774, 0.7708074780000516, 0.8174933450000026, 0.7038011740000911, 0.6711524960001043, 1.126947029999883, 0.6605024279999725, 0.6981484440000258, 0.37355380100007096, 1.3798391500001799, 0.967400982000072, 0.5869624330000534, 0.6869588350000413, 0.5147400479997941, 0.489531290000059, 0.8206844149999597, 0.8222864839999602, 0.6892844349999905, 0.6161833500000284, 0.8266910340000777, 0.4951962899999671, 0.7725620080000226, 0.5282735279999997, 0.3822180289998869, 0.5160198280000259, 0.6476834679999683, 0.5888886129998809, 1.3491032919998815, 0.649238116999868, 0.8526155810000091, 0.5504087459999027, 1.5098181190001014, 0.9811097609999706, 0.7541109199999028, 0.932935235000059, 1.0918601629998648, 1.122190909999972, 0.6165826909998486, 0.45086300399998436, 0.5522756650000247, 0.4482780040000307, 1.1153095409999878, 0.9612567330000275, 1.1994351939999888, 0.973719322000079, 0.6135401009998986, 0.5669894349998685, 0.9134539070000756, 1.0204988790001153, 0.4395602649999546, 0.4655996829999367, 0.7549482399999761, 0.8179635050000797, 0.8386060630000429, 1.092440832999955, 0.6179864609998731, 1.2766298080000524, 0.7979990270000599, 0.49684894100005295, 0.6220442500000445, 0.6390064080001139, 0.550181565999992, 0.5991294120001385, 0.5502992859999267, 1.478317751000077, 0.7888934669999799, 1.017340077999961, 0.5574912560000485, 0.5260141780001959, 0.5829177439998148, 0.4609902820000116, 0.7276571319998766, 0.3862391289999323, 0.5132304890000796, 0.8195532140000523, 1.1637015270000575, 1.0409324170000218, 0.9659409430000778, 0.47803067199993166, 0.5960734520001552, 1.017133848999947, 0.479462630999933, 0.6667444069998965, 1.0009812800001328, 0.6268738900000699, 0.5241325790000246, 0.41229186700002174, 0.6653982870000164, 1.1487616690001232, 1.541232017000084]}