{"model loading footprint (GB)": 4.603767514228821, "accuracy": 0.0, "total_output_token_count": 100, "total_generation_time_l": [1.602036121999845, 1.2769477180008835, 1.4668381169994973, 1.349237878999702, 1.953095327000483, 1.5320863400011149, 1.4119279019996611, 1.6062919500000135, 1.8883976350007288, 1.5602867030011112, 1.548848595999516, 1.6410392910001974, 1.7270909779999783, 1.5459294270003738, 1.4281026879998535, 1.8613447530005942, 1.4677529979999235, 1.492225800999222, 1.3106127600003674, 1.5751724790006847, 1.5519945739997638, 1.3972241160008707, 1.4788643880001473, 1.3691151040002296, 1.3588089770000806, 1.5725283689989737, 1.626004555999316, 1.4980396190003376, 1.4460070229997655, 1.639413261998925, 1.3419257510013267, 1.5727860499991948, 1.3704603330006648, 1.3005108820016176, 1.5350713190000533, 1.4856896419987606, 1.4209945790007623, 1.5653523019991553, 1.4005345130008209, 1.6697289240000828, 1.4393891230010922, 2.1163370609992853, 1.716638691999833, 1.491933479999716, 1.6645970049994503, 1.823645944999953, 1.7731206080006814, 1.5070764560005045, 1.3778456689997256, 1.4063948919992981, 1.3699630299997807, 1.4603414980010712, 1.5185588429994823, 1.8273380139999063, 1.773728148000373, 1.5044830869992438, 1.4678666360014176, 1.6456925909988058, 1.6647179949995916, 1.3143935240004794, 1.3404396579990134, 1.5653946510010428, 1.6651115650001884, 1.6111217790003138, 1.7761212770001293, 1.4003762829997868, 1.550880723998489, 1.4534916190004878, 1.3564280740010872, 1.50817173500036, 1.4423714320000727, 1.4069269210012862, 1.4655593560000852, 1.439925883001706, 2.0331884719998925, 1.5961807330004376, 1.832109381999544, 1.4196525480001583, 1.4464466810004524, 1.4636465669991594, 1.3466597860006004, 1.5011228080002184, 1.2835092429995711, 1.3611844229999406, 1.2752693539987376, 1.724172610000096, 1.7725845679997292, 1.7190032910002628, 1.3664477009988332, 1.4196708780000336, 1.8418942999996943, 1.3763387290000537, 1.488449460000993, 1.701211745999899, 1.5215865329992084, 1.4222433979994094, 1.3770309690007707, 1.574375947999215, 1.868745444000524, 1.766101109000374], "TTFT_l": [1.602036121999845, 1.2769477180008835, 1.4668381169994973, 1.349237878999702, 1.953095327000483, 1.5320863400011149, 1.4119279019996611, 1.6062919500000135, 1.8883976350007288, 1.5602867030011112, 1.548848595999516, 1.6410392910001974, 1.7270909779999783, 1.5459294270003738, 1.4281026879998535, 1.8613447530005942, 1.4677529979999235, 1.492225800999222, 1.3106127600003674, 1.5751724790006847, 1.5519945739997638, 1.3972241160008707, 1.4788643880001473, 1.3691151040002296, 1.3588089770000806, 1.5725283689989737, 1.626004555999316, 1.4980396190003376, 1.4460070229997655, 1.639413261998925, 1.3419257510013267, 1.5727860499991948, 1.3704603330006648, 1.3005108820016176, 1.5350713190000533, 1.4856896419987606, 1.4209945790007623, 1.5653523019991553, 1.4005345130008209, 1.6697289240000828, 1.4393891230010922, 2.1163370609992853, 1.716638691999833, 1.491933479999716, 1.6645970049994503, 1.823645944999953, 1.7731206080006814, 1.5070764560005045, 1.3778456689997256, 1.4063948919992981, 1.3699630299997807, 1.4603414980010712, 1.5185588429994823, 1.8273380139999063, 1.773728148000373, 1.5044830869992438, 1.4678666360014176, 1.6456925909988058, 1.6647179949995916, 1.3143935240004794, 1.3404396579990134, 1.5653946510010428, 1.6651115650001884, 1.6111217790003138, 1.7761212770001293, 1.4003762829997868, 1.550880723998489, 1.4534916190004878, 1.3564280740010872, 1.50817173500036, 1.4423714320000727, 1.4069269210012862, 1.4655593560000852, 1.439925883001706, 2.0331884719998925, 1.5961807330004376, 1.832109381999544, 1.4196525480001583, 1.4464466810004524, 1.4636465669991594, 1.3466597860006004, 1.5011228080002184, 1.2835092429995711, 1.3611844229999406, 1.2752693539987376, 1.724172610000096, 1.7725845679997292, 1.7190032910002628, 1.3664477009988332, 1.4196708780000336, 1.8418942999996943, 1.3763387290000537, 1.488449460000993, 1.701211745999899, 1.5215865329992084, 1.4222433979994094, 1.3770309690007707, 1.574375947999215, 1.868745444000524, 1.766101109000374]}