{"model loading footprint (GB)": 1.2230607271194458, "accuracy": 0.0, "total_output_token_count": 100, "total_generation_time_l": [0.5578722789996391, 0.24867471699963062, 0.4572769940004946, 0.3178049000007377, 0.9645053869999174, 4.1700009270007286, 0.43053605099976267, 1.1344301230001292, 1.044079655999667, 0.511975980999523, 0.5233206180000707, 0.5405623430006017, 0.5860774709999532, 0.5155587199997171, 0.4536930960002792, 0.7863994010003807, 0.4439704679998613, 0.45959505300015735, 0.28239295899948047, 0.5612371180004629, 0.5634601169995221, 0.39475203000074544, 0.504819382000278, 0.34246814400012227, 0.32560729800025, 0.5731729059998543, 0.556052930000078, 0.5070093320000524, 0.4303397519997816, 1.0414043170003424, 0.46948164100012946, 0.6333834200004276, 0.4314180609999312, 0.2575158849995205, 0.3571295490000921, 0.4437593269994977, 0.371633576000022, 0.5373465739994572, 0.37759940500018274, 0.6458469160006644, 0.3920550809998531, 1.091252123999766, 0.7004745130006995, 0.474195979999422, 0.6486163159997886, 0.8055014770006892, 0.788332330999765, 0.40622940699995524, 0.3279196769999544, 0.3917126010001084, 0.3225062480005363, 0.43407260100048006, 1.0016240170007222, 1.040543007999986, 0.7704758850004509, 0.45841010399999504, 0.39648041899999953, 0.6461360060002335, 0.6979258640003536, 0.29502934500033007, 0.33145916600005876, 0.5011081940001532, 0.5553715300002295, 0.5735498659996665, 0.8075253659999362, 0.43556669000008696, 0.5113528310002948, 0.472362981000515, 0.3307041770003707, 0.4398171689999799, 0.4517032450003171, 0.39354611999988265, 0.43704770899967116, 0.376923603999785, 1.4893981929999427, 0.7714978650001285, 0.8271889999996347, 0.39339720099997066, 0.3735022660002869, 0.4106991560001916, 0.3111054109995166, 0.5055371520002154, 0.2601682450003864, 0.2956782050005131, 0.23866117899979145, 0.705523930999334, 0.7686650759997065, 0.6712789799994425, 0.3255824070001836, 0.4384676990002845, 0.728511236000486, 0.34807058199930907, 0.4453198370001701, 0.6556777739997415, 0.445243236999886, 0.36911429700012377, 0.3098837409997941, 0.4651475729997401, 1.2903717440003675, 0.8735870889995567], "TTFT_l": [0.5578722789996391, 0.24867471699963062, 0.4572769940004946, 0.3178049000007377, 0.9645053869999174, 4.1700009270007286, 0.43053605099976267, 1.1344301230001292, 1.044079655999667, 0.511975980999523, 0.5233206180000707, 0.5405623430006017, 0.5860774709999532, 0.5155587199997171, 0.4536930960002792, 0.7863994010003807, 0.4439704679998613, 0.45959505300015735, 0.28239295899948047, 0.5612371180004629, 0.5634601169995221, 0.39475203000074544, 0.504819382000278, 0.34246814400012227, 0.32560729800025, 0.5731729059998543, 0.556052930000078, 0.5070093320000524, 0.4303397519997816, 1.0414043170003424, 0.46948164100012946, 0.6333834200004276, 0.4314180609999312, 0.2575158849995205, 0.3571295490000921, 0.4437593269994977, 0.371633576000022, 0.5373465739994572, 0.37759940500018274, 0.6458469160006644, 0.3920550809998531, 1.091252123999766, 0.7004745130006995, 0.474195979999422, 0.6486163159997886, 0.8055014770006892, 0.788332330999765, 0.40622940699995524, 0.3279196769999544, 0.3917126010001084, 0.3225062480005363, 0.43407260100048006, 1.0016240170007222, 1.040543007999986, 0.7704758850004509, 0.45841010399999504, 0.39648041899999953, 0.6461360060002335, 0.6979258640003536, 0.29502934500033007, 0.33145916600005876, 0.5011081940001532, 0.5553715300002295, 0.5735498659996665, 0.8075253659999362, 0.43556669000008696, 0.5113528310002948, 0.472362981000515, 0.3307041770003707, 0.4398171689999799, 0.4517032450003171, 0.39354611999988265, 0.43704770899967116, 0.376923603999785, 1.4893981929999427, 0.7714978650001285, 0.8271889999996347, 0.39339720099997066, 0.3735022660002869, 0.4106991560001916, 0.3111054109995166, 0.5055371520002154, 0.2601682450003864, 0.2956782050005131, 0.23866117899979145, 0.705523930999334, 0.7686650759997065, 0.6712789799994425, 0.3255824070001836, 0.4384676990002845, 0.728511236000486, 0.34807058199930907, 0.4453198370001701, 0.6556777739997415, 0.445243236999886, 0.36911429700012377, 0.3098837409997941, 0.4651475729997401, 1.2903717440003675, 0.8735870889995567]}